{"0": "100_jumia.jpg", "1": "101_jumia.jpg", "2": "102_jumia.jpg", "3": "103_ebay.jpg", "4": "104_ebay.jpg", "5": "105_ebay.jpg", "6": "106_ebay.jpg", "7": "107_ebay.jpg", "8": "108_ebay.jpg", "9": "109_ebay.jpg", "10": "10_olist.jpg", "11": "110_ebay.jpg", "12": "111_ebay.jpg", "13": "112_ebay.jpg", "14": "113_ebay.jpg", "15": "114_ebay.jpg", "16": "115_ebay.jpg", "17": "116_ebay.jpg", "18": "117_ebay.jpg", "19": "118_ebay.jpg", "20": "119_ebay.jpg", "21": "11_olist.jpg", "22": "120_ebay.jpg", "23": "121_ebay.jpg", "24": "122_ebay.jpg", "25": "123_ebay.jpg", "26": "124_ebay.jpg", "27": "125_ebay.jpg", "28": "126_ebay.jpg", "29": "127_ebay.jpg", "30": "128_ebay.jpg", "31": "129_ebay.jpg", "32": "12_olist.jpg", "33": "130_ebay.jpg", "34": "131_ebay.jpg", "35": "132_ebay.jpg", "36": "133_ebay.jpg", "37": "134_ebay.jpg", "38": "135_ebay.jpg", "39": "136_ebay.jpg", "40": "137_ebay.jpg", "41": "138_ebay.jpg", "42": "139_ebay.jpg", "43": "13_olist.jpg", "44": "140_ebay.jpg", "45": "141_ebay.jpg", "46": "142_ebay.jpg", "47": "143_ebay.jpg", "48": "144_ebay.jpg", "49": "145_ebay.jpg", "50": "146_ebay.jpg", "51": "147_ebay.jpg", "52": "148_ebay.jpg", "53": "149_ebay.jpg", "54": "14_olist.jpg", "55": "150_ebay.jpg", "56": "151_ebay.jpg", "57": "152_ebay.jpg", "58": "153_ebay.jpg", "59": "154_ebay.jpg", "60": "155_ebay.jpg", "61": "156_ebay.jpg", "62": "157_ebay.jpg", "63": "158_ebay.jpg", "64": "159_ebay.jpg", "65": "160_ebay.jpg", "66": "161_ebay.jpg", "67": "162_ebay.jpg", "68": "163_ebay.jpg", "69": "164_ebay.jpg", "70": "165_ebay.jpg", "71": "166_ebay.jpg", "72": "167_ebay.jpg", "73": "168_ebay.jpg", "74": "169_ebay.jpg", "75": "16_olist.jpg", "76": "170_ebay.jpg", "77": "171_ebay.jpg", "78": "172_ebay.jpg", "79": "173_ebay.jpg", "80": "174_ebay.jpg", "81": "175_ebay.jpg", "82": "176_ebay.jpg", "83": "177_ebay.jpg", "84": "178_ebay.jpg", "85": "179_ebay.jpg", "86": "180_ebay.jpg", "87": "181_ebay.jpg", "88": "182_ebay.jpg", "89": "183_ebay.jpg", "90": "184_ebay.jpg", "91": "185_ebay.jpg", "92": "186_ebay.jpg", "93": "187_ebay.jpg", "94": "188_ebay.jpg", "95": "189_ebay.jpg", "96": "190_ebay.jpg", "97": "191_ebay.jpg", "98": "192_ebay.jpg", "99": "193_ebay.jpg", "100": "194_ebay.jpg", "101": "195_ebay.jpg", "102": "196_ebay.jpg", "103": "197_ebay.jpg", "104": "198_ebay.jpg", "105": "199_ebay.jpg", "106": "19_olist.jpg", "107": "200_ebay.jpg", "108": "201_ebay.jpg", "109": "202_ebay.jpg", "110": "203_ebay.jpg", "111": "204_ebay.jpg", "112": "205_ebay.jpg", "113": "206_ebay.jpg", "114": "207_ebay.jpg", "115": "208_ebay.jpg", "116": "209_ebay.jpg", "117": "20_olist.jpg", "118": "210_ebay.jpg", "119": "211_ebay.jpg", "120": "212_ebay.jpg", "121": "213_ebay.jpg", "122": "214_ebay.jpg", "123": "215_ebay.jpg", "124": "216_ebay.jpg", "125": "217_ebay.jpg", "126": "218_ebay.jpg", "127": "219_ebay.jpg", "128": "220_ebay.jpg", "129": "221_ebay.jpg", "130": "222_ebay.jpg", "131": "223_ebay.jpg", "132": "224_ebay.jpg", "133": "225_ebay.jpg", "134": "226_ebay.jpg", "135": "227_ebay.jpg", "136": "228_ebay.jpg", "137": "229_ebay.jpg", "138": "22_olist.jpg", "139": "230_ebay.jpg", "140": "231_ebay.jpg", "141": "232_ebay.jpg", "142": "233_ebay.jpg", "143": "234_ebay.jpg", "144": "235_ebay.jpg", "145": "236_ebay.jpg", "146": "237_ebay.jpg", "147": "238_ebay.jpg", "148": "249_cars45.jpg", "149": "250_cars45.jpg", "150": "251_cars45.jpg", "151": "252_cars45.jpg", "152": "254_cars45.jpg", "153": "257_cars45.jpg", "154": "259_cars45.jpg", "155": "25_olist.jpg", "156": "268_cars45.jpg", "157": "269_cars45.jpg", "158": "26_olist.jpg", "159": "270_cars45.jpg", "160": "273_cars45.jpg", "161": "274_cars45.jpg", "162": "280_cars45.jpg", "163": "283_cars45.jpg", "164": "287_cars45.jpg", "165": "288_cars45.jpg", "166": "28_olist.jpg", "167": "294_jumia.jpg", "168": "295_jumia.jpg", "169": "296_jumia.jpg", "170": "297_jumia.jpg", "171": "298_jumia.jpg", "172": "299_jumia.jpg", "173": "2_olist.jpg", "174": "300_jumia.jpg", "175": "301_jumia.jpg", "176": "302_jumia.jpg", "177": "303_jumia.jpg", "178": "304_jumia.jpg", "179": "305_jumia.jpg", "180": "306_jumia.jpg", "181": "307_jumia.jpg", "182": "308_jumia.jpg", "183": "309_jumia.jpg", "184": "30_olist.jpg", "185": "310_jumia.jpg", "186": "311_jumia.jpg", "187": "312_jumia.jpg", "188": "313_jumia.jpg", "189": "314_jumia.jpg", "190": "315_jumia.jpg", "191": "316_jumia.jpg", "192": "317_jumia.jpg", "193": "318_jumia.jpg", "194": "319_jumia.jpg", "195": "320_jumia.jpg", "196": "321_jumia.jpg", "197": "322_jumia.jpg", "198": "323_jumia.jpg", "199": "324_jumia.jpg", "200": "325_jumia.jpg", "201": "326_jumia.jpg", "202": "327_jumia.jpg", "203": "328_jumia.jpg", "204": "329_jumia.jpg", "205": "330_jumia.jpg", "206": "331_jumia.jpg", "207": "332_jumia.jpg", "208": "333_jumia.jpg", "209": "334_jumia.jpg", "210": "335_jumia.jpg", "211": "336_jumia.jpg", "212": "337_jumia.jpg", "213": "338_jumia.jpg", "214": "339_jumia.jpg", "215": "33_olist.jpg", "216": "340_jumia.jpg", "217": "341_jumia.jpg", "218": "342_jumia.jpg", "219": "343_jumia.jpg", "220": "344_jumia.jpg", "221": "345_jumia.jpg", "222": "346_jumia.jpg", "223": "347_jumia.jpg", "224": "348_jumia.jpg", "225": "349_jumia.jpg", "226": "34_olist.jpg", "227": "350_jumia.jpg", "228": "351_jumia.jpg", "229": "352_jumia.jpg", "230": "353_jumia.jpg", "231": "354_jumia.jpg", "232": "355_jumia.jpg", "233": "356_jumia.jpg", "234": "357_jumia.jpg", "235": "358_jumia.jpg", "236": "359_jumia.jpg", "237": "360_jumia.jpg", "238": "361_jumia.jpg", "239": "362_jumia.jpg", "240": "363_jumia.jpg", "241": "364_jumia.jpg", "242": "365_jumia.jpg", "243": "366_jumia.jpg", "244": "367_jumia.jpg", "245": "368_jumia.jpg", "246": "369_jumia.jpg", "247": "36_olist.jpg", "248": "370_jumia.jpg", "249": "371_jumia.jpg", "250": "372_jumia.jpg", "251": "373_jumia.jpg", "252": "374_jumia.jpg", "253": "375_jumia.jpg", "254": "376_jumia.jpg", "255": "377_jumia.jpg", "256": "378_jumia.jpg", "257": "379_jumia.jpg", "258": "37_olist.jpg", "259": "380_jumia.jpg", "260": "381_jumia.jpg", "261": "382_jumia.jpg", "262": "383_jumia.jpg", "263": "384_jumia.jpg", "264": "385_jumia.jpg", "265": "386_jumia.jpg", "266": "387_jumia.jpg", "267": "388_jumia.jpg", "268": "389_jumia.jpg", "269": "38_olist.jpg", "270": "390_jumia.jpg", "271": "391_jumia.jpg", "272": "392_jumia.jpg", "273": "393_jumia.jpg", "274": "394_jumia.jpg", "275": "395_jumia.jpg", "276": "396_jumia.jpg", "277": "397_jumia.jpg", "278": "398_jumia.jpg", "279": "399_jumia.jpg", "280": "39_olist.jpg", "281": "400_jumia.jpg", "282": "401_jumia.jpg", "283": "402_jumia.jpg", "284": "403_jumia.jpg", "285": "404_jumia.jpg", "286": "405_jumia.jpg", "287": "406_jumia.jpg", "288": "407_jumia.jpg", "289": "408_jumia.jpg", "290": "409_jumia.jpg", "291": "40_olist.jpg", "292": "410_jumia.jpg", "293": "411_jumia.jpg", "294": "412_jumia.jpg", "295": "413_jumia.jpg", "296": "414_jumia.jpg", "297": "415_jumia.jpg", "298": "416_jumia.jpg", "299": "417_jumia.jpg", "300": "418_jumia.jpg", "301": "419_jumia.jpg", "302": "41_ebay.jpg", "303": "420_jumia.jpg", "304": "421_jumia.jpg", "305": "422_jumia.jpg", "306": "423_jumia.jpg", "307": "424_jumia.jpg", "308": "425_jumia.jpg", "309": "426_jumia.jpg", "310": "427_jumia.jpg", "311": "428_jumia.jpg", "312": "429_jumia.jpg", "313": "42_ebay.jpg", "314": "430_jumia.jpg", "315": "431_jumia.jpg", "316": "432_jumia.jpg", "317": "433_jumia.jpg", "318": "434_jumia.jpg", "319": "435_jumia.jpg", "320": "436_jumia.jpg", "321": "437_jumia.jpg", "322": "438_jumia.jpg", "323": "439_jumia.jpg", "324": "43_ebay.jpg", "325": "440_jumia.jpg", "326": "441_jumia.jpg", "327": "442_jumia.jpg", "328": "443_jumia.jpg", "329": "444_jumia.jpg", "330": "445_jumia.jpg", "331": "446_jumia.jpg", "332": "447_jumia.jpg", "333": "448_jumia.jpg", "334": "449_jumia.jpg", "335": "44_ebay.jpg", "336": "450_jumia.jpg", "337": "451_jumia.jpg", "338": "452_jumia.jpg", "339": "453_jumia.jpg", "340": "454_jumia.jpg", "341": "455_jumia.jpg", "342": "456_jumia.jpg", "343": "457_jumia.jpg", "344": "458_jumia.jpg", "345": "459_jumia.jpg", "346": "45_ebay.jpg", "347": "460_jumia.jpg", "348": "461_jumia.jpg", "349": "462_jumia.jpg", "350": "463_jumia.jpg", "351": "464_jumia.jpg", "352": "465_jumia.jpg", "353": "466_jumia.jpg", "354": "467_jumia.jpg", "355": "468_jumia.jpg", "356": "469_jumia.jpg", "357": "46_ebay.jpg", "358": "470_jumia.jpg", "359": "471_jumia.jpg", "360": "472_jumia.jpg", "361": "473_jumia.jpg", "362": "474_jumia.jpg", "363": "475_jumia.jpg", "364": "476_jumia.jpg", "365": "477_jumia.jpg", "366": "478_jumia.jpg", "367": "479_jumia.jpg", "368": "47_ebay.jpg", "369": "480_jumia.jpg", "370": "481_jumia.jpg", "371": "482_jumia.jpg", "372": "483_jumia.jpg", "373": "484_jumia.jpg", "374": "485_jumia.jpg", "375": "486_jumia.jpg", "376": "487_jumia.jpg", "377": "488_jumia.jpg", "378": "489_jumia.jpg", "379": "48_ebay.jpg", "380": "490_jumia.jpg", "381": "491_jumia.jpg", "382": "492_jumia.jpg", "383": "493_jumia.jpg", "384": "494_jumia.jpg", "385": "495_jumia.jpg", "386": "496_jumia.jpg", "387": "497_jumia.jpg", "388": "498_jumia.jpg", "389": "499_jumia.jpg", "390": "49_ebay.jpg", "391": "500_jumia.jpg", "392": "501_jumia.jpg", "393": "502_jumia.jpg", "394": "503_jumia.jpg", "395": "504_jumia.jpg", "396": "505_jumia.jpg", "397": "506_jumia.jpg", "398": "507_jumia.jpg", "399": "508_jumia.jpg", "400": "509_jumia.jpg", "401": "50_ebay.jpg", "402": "510_jumia.jpg", "403": "511_jumia.jpg", "404": "512_jumia.jpg", "405": "513_jumia.jpg", "406": "514_jumia.jpg", "407": "515_jumia.jpg", "408": "516_jumia.jpg", "409": "517_jumia.jpg", "410": "518_jumia.jpg", "411": "519_jumia.jpg", "412": "51_ebay.jpg", "413": "520_jumia.jpg", "414": "521_jumia.jpg", "415": "522_jumia.jpg", "416": "523_jumia.jpg", "417": "524_jumia.jpg", "418": "525_jumia.jpg", "419": "526_jumia.jpg", "420": "527_jumia.jpg", "421": "528_jumia.jpg", "422": "529_jumia.jpg", "423": "52_ebay.jpg", "424": "530_jumia.jpg", "425": "531_jumia.jpg", "426": "532_jumia.jpg", "427": "533_jumia.jpg", "428": "534_jumia.jpg", "429": "535_jumia.jpg", "430": "536_jumia.jpg", "431": "537_jumia.jpg", "432": "538_jumia.jpg", "433": "539_jumia.jpg", "434": "540_jumia.jpg", "435": "541_jumia.jpg", "436": "542_jumia.jpg", "437": "543_jumia.jpg", "438": "544_jumia.jpg", "439": "545_jumia.jpg", "440": "546_jumia.jpg", "441": "547_jumia.jpg", "442": "548_jumia.jpg", "443": "549_jumia.jpg", "444": "54_ebay.jpg", "445": "550_jumia.jpg", "446": "551_jumia.jpg", "447": "552_jumia.jpg", "448": "553_jumia.jpg", "449": "554_jumia.jpg", "450": "555_jumia.jpg", "451": "556_jumia.jpg", "452": "557_jumia.jpg", "453": "558_jumia.jpg", "454": "559_jumia.jpg", "455": "55_ebay.jpg", "456": "560_jumia.jpg", "457": "561_jumia.jpg", "458": "562_jumia.jpg", "459": "563_jumia.jpg", "460": "564_jumia.jpg", "461": "565_jumia.jpg", "462": "566_jumia.jpg", "463": "567_jumia.jpg", "464": "568_jumia.jpg", "465": "569_jumia.jpg", "466": "56_ebay.jpg", "467": "570_jumia.jpg", "468": "571_jumia.jpg", "469": "572_jumia.jpg", "470": "573_jumia.jpg", "471": "574_jumia.jpg", "472": "575_jumia.jpg", "473": "576_jumia.jpg", "474": "577_jumia.jpg", "475": "578_jumia.jpg", "476": "579_jumia.jpg", "477": "580_jumia.jpg", "478": "581_jumia.jpg", "479": "582_jumia.jpg", "480": "583_jumia.jpg", "481": "584_jumia.jpg", "482": "585_jumia.jpg", "483": "586_jumia.jpg", "484": "587_jumia.jpg", "485": "588_jumia.jpg", "486": "589_jumia.jpg", "487": "58_ebay.jpg", "488": "590_jumia.jpg", "489": "591_jumia.jpg", "490": "592_jumia.jpg", "491": "593_jumia.jpg", "492": "594_jumia.jpg", "493": "595_jumia.jpg", "494": "596_jumia.jpg", "495": "597_jumia.jpg", "496": "598_jumia.jpg", "497": "599_jumia.jpg", "498": "59_ebay.jpg", "499": "5_olist.jpg", "500": "600_jumia.jpg", "501": "601_jumia.jpg", "502": "602_jumia.jpg", "503": "603_jumia.jpg", "504": "604_jumia.jpg", "505": "605_jumia.jpg", "506": "606_jumia.jpg", "507": "607_jumia.jpg", "508": "608_jumia.jpg", "509": "609_jumia.jpg", "510": "60_ebay.jpg", "511": "610_jumia.jpg", "512": "611_jumia.jpg", "513": "612_jumia.jpg", "514": "613_jumia.jpg", "515": "614_jumia.jpg", "516": "615_jumia.jpg", "517": "616_jumia.jpg", "518": "617_jumia.jpg", "519": "618_jumia.jpg", "520": "619_jumia.jpg", "521": "61_ebay.jpg", "522": "620_jumia.jpg", "523": "621_jumia.jpg", "524": "622_jumia.jpg", "525": "623_jumia.jpg", "526": "624_jumia.jpg", "527": "625_jumia.jpg", "528": "626_jumia.jpg", "529": "627_jumia.jpg", "530": "628_jumia.jpg", "531": "629_jumia.jpg", "532": "630_jumia.jpg", "533": "631_jumia.jpg", "534": "632_jumia.jpg", "535": "633_jumia.jpg", "536": "634_jumia.jpg", "537": "635_jumia.jpg", "538": "636_jumia.jpg", "539": "637_jumia.jpg", "540": "638_jumia.jpg", "541": "639_jumia.jpg", "542": "63_jumia.jpg", "543": "640_jumia.jpg", "544": "641_jumia.jpg", "545": "642_jumia.jpg", "546": "643_jumia.jpg", "547": "644_jumia.jpg", "548": "645_jumia.jpg", "549": "646_jumia.jpg", "550": "647_jumia.jpg", "551": "648_jumia.jpg", "552": "649_jumia.jpg", "553": "64_jumia.jpg", "554": "650_jumia.jpg", "555": "651_jumia.jpg", "556": "652_jumia.jpg", "557": "653_jumia.jpg", "558": "654_jumia.jpg", "559": "656_jumia.jpg", "560": "658_jumia.jpg", "561": "659_jumia.jpg", "562": "65_jumia.jpg", "563": "660_jumia.jpg", "564": "661_jumia.jpg", "565": "662_jumia.jpg", "566": "663_jumia.jpg", "567": "664_jumia.jpg", "568": "665_jumia.jpg", "569": "666_jumia.jpg", "570": "668_jumia.jpg", "571": "669_jumia.jpg", "572": "66_jumia.jpg", "573": "672_jumia.jpg", "574": "673_jumia.jpg", "575": "674_jumia.jpg", "576": "675_jumia.jpg", "577": "676_jumia.jpg", "578": "677_jumia.jpg", "579": "678_jumia.jpg", "580": "679_jumia.jpg", "581": "67_jumia.jpg", "582": "680_jumia.jpg", "583": "681_jumia.jpg", "584": "682_jumia.jpg", "585": "683_jumia.jpg", "586": "684_jumia.jpg", "587": "685_jumia.jpg", "588": "686_jumia.jpg", "589": "687_jumia.jpg", "590": "688_jumia.jpg", "591": "689_jumia.jpg", "592": "68_jumia.jpg", "593": "690_jumia.jpg", "594": "691_jumia.jpg", "595": "692_jumia.jpg", "596": "693_jumia.jpg", "597": "694_jumia.jpg", "598": "695_jumia.jpg", "599": "696_jumia.jpg", "600": "697_jumia.jpg", "601": "698_jumia.jpg", "602": "699_jumia.jpg", "603": "69_jumia.jpg", "604": "6_olist.jpg", "605": "700_jumia.jpg", "606": "701_jumia.jpg", "607": "702_jumia.jpg", "608": "703_jumia.jpg", "609": "704_jumia.jpg", "610": "705_jumia.jpg", "611": "706_jumia.jpg", "612": "707_jumia.jpg", "613": "708_jumia.jpg", "614": "709_jumia.jpg", "615": "70_jumia.jpg", "616": "710_jumia.jpg", "617": "711_jumia.jpg", "618": "712_jumia.jpg", "619": "713_jumia.jpg", "620": "714_jumia.jpg", "621": "715_jumia.jpg", "622": "716_jumia.jpg", "623": "717_jumia.jpg", "624": "718_jumia.jpg", "625": "719_jumia.jpg", "626": "71_jumia.jpg", "627": "720_jumia.jpg", "628": "721_jumia.jpg", "629": "722_jumia.jpg", "630": "723_ebay.jpg", "631": "724_ebay.jpg", "632": "725_ebay.jpg", "633": "726_ebay.jpg", "634": "727_ebay.jpg", "635": "728_ebay.jpg", "636": "729_ebay.jpg", "637": "72_jumia.jpg", "638": "730_ebay.jpg", "639": "731_ebay.jpg", "640": "732_ebay.jpg", "641": "733_ebay.jpg", "642": "734_ebay.jpg", "643": "735_ebay.jpg", "644": "736_ebay.jpg", "645": "737_ebay.jpg", "646": "738_ebay.jpg", "647": "739_ebay.jpg", "648": "73_jumia.jpg", "649": "740_ebay.jpg", "650": "741_ebay.jpg", "651": "742_ebay.jpg", "652": "743_ebay.jpg", "653": "744_ebay.jpg", "654": "745_ebay.jpg", "655": "746_ebay.jpg", "656": "747_ebay.jpg", "657": "748_ebay.jpg", "658": "749_ebay.jpg", "659": "74_jumia.jpg", "660": "750_ebay.jpg", "661": "751_ebay.jpg", "662": "752_ebay.jpg", "663": "753_ebay.jpg", "664": "754_ebay.jpg", "665": "755_ebay.jpg", "666": "756_ebay.jpg", "667": "757_ebay.jpg", "668": "758_ebay.jpg", "669": "759_ebay.jpg", "670": "75_jumia.jpg", "671": "760_ebay.jpg", "672": "761_ebay.jpg", "673": "762_ebay.jpg", "674": "763_ebay.jpg", "675": "764_ebay.jpg", "676": "765_ebay.jpg", "677": "766_ebay.jpg", "678": "767_ebay.jpg", "679": "768_ebay.jpg", "680": "769_ebay.jpg", "681": "76_jumia.jpg", "682": "770_ebay.jpg", "683": "771_ebay.jpg", "684": "772_ebay.jpg", "685": "773_ebay.jpg", "686": "774_ebay.jpg", "687": "775_ebay.jpg", "688": "776_ebay.jpg", "689": "777_ebay.jpg", "690": "778_ebay.jpg", "691": "779_ebay.jpg", "692": "77_jumia.jpg", "693": "780_ebay.jpg", "694": "781_ebay.jpg", "695": "782_ebay.jpg", "696": "783_ebay.jpg", "697": "784_ebay.jpg", "698": "785_ebay.jpg", "699": "786_ebay.jpg", "700": "787_ebay.jpg", "701": "788_ebay.jpg", "702": "789_ebay.jpg", "703": "78_jumia.jpg", "704": "790_ebay.jpg", "705": "791_ebay.jpg", "706": "792_ebay.jpg", "707": "793_ebay.jpg", "708": "794_ebay.jpg", "709": "795_ebay.jpg", "710": "796_ebay.jpg", "711": "797_ebay.jpg", "712": "798_ebay.jpg", "713": "799_ebay.jpg", "714": "79_jumia.jpg", "715": "7_olist.jpg", "716": "800_ebay.jpg", "717": "801_ebay.jpg", "718": "802_ebay.jpg", "719": "803_ebay.jpg", "720": "804_ebay.jpg", "721": "805_ebay.jpg", "722": "806_ebay.jpg", "723": "807_ebay.jpg", "724": "808_ebay.jpg", "725": "809_ebay.jpg", "726": "80_jumia.jpg", "727": "810_ebay.jpg", "728": "811_ebay.jpg", "729": "812_ebay.jpg", "730": "813_ebay.jpg", "731": "814_ebay.jpg", "732": "815_ebay.jpg", "733": "816_ebay.jpg", "734": "817_ebay.jpg", "735": "818_ebay.jpg", "736": "819_ebay.jpg", "737": "81_jumia.jpg", "738": "820_ebay.jpg", "739": "821_ebay.jpg", "740": "822_ebay.jpg", "741": "823_ebay.jpg", "742": "824_ebay.jpg", "743": "825_ebay.jpg", "744": "826_ebay.jpg", "745": "827_ebay.jpg", "746": "828_ebay.jpg", "747": "829_ebay.jpg", "748": "82_jumia.jpg", "749": "830_ebay.jpg", "750": "831_ebay.jpg", "751": "832_ebay.jpg", "752": "833_ebay.jpg", "753": "834_ebay.jpg", "754": "835_ebay.jpg", "755": "836_ebay.jpg", "756": "837_ebay.jpg", "757": "838_ebay.jpg", "758": "839_ebay.jpg", "759": "83_jumia.jpg", "760": "840_ebay.jpg", "761": "841_ebay.jpg", "762": "842_ebay.jpg", "763": "843_ebay.jpg", "764": "844_ebay.jpg", "765": "845_ebay.jpg", "766": "846_ebay.jpg", "767": "847_ebay.jpg", "768": "848_ebay.jpg", "769": "849_ebay.jpg", "770": "84_jumia.jpg", "771": "850_ebay.jpg", "772": "851_ebay.jpg", "773": "852_ebay.jpg", "774": "853_jumia.jpg", "775": "854_jumia.jpg", "776": "855_jumia.jpg", "777": "856_jumia.jpg", "778": "857_jumia.jpg", "779": "858_jumia.jpg", "780": "859_jumia.jpg", "781": "85_jumia.jpg", "782": "860_jumia.jpg", "783": "861_jumia.jpg", "784": "862_jumia.jpg", "785": "863_jumia.jpg", "786": "864_jumia.jpg", "787": "865_jumia.jpg", "788": "866_jumia.jpg", "789": "867_jumia.jpg", "790": "868_jumia.jpg", "791": "869_jumia.jpg", "792": "86_jumia.jpg", "793": "871_jumia.jpg", "794": "872_jumia.jpg", "795": "873_jumia.jpg", "796": "874_jumia.jpg", "797": "875_jumia.jpg", "798": "876_jumia.jpg", "799": "877_jumia.jpg", "800": "878_jumia.jpg", "801": "879_jumia.jpg", "802": "87_jumia.jpg", "803": "880_jumia.jpg", "804": "881_jumia.jpg", "805": "882_jumia.jpg", "806": "883_jumia.jpg", "807": "884_jumia.jpg", "808": "885_jumia.jpg", "809": "886_jumia.jpg", "810": "887_jumia.jpg", "811": "889_jumia.jpg", "812": "88_jumia.jpg", "813": "890_jumia.jpg", "814": "891_jumia.jpg", "815": "892_jumia.jpg", "816": "893_jumia.jpg", "817": "894_jumia.jpg", "818": "895_jumia.jpg", "819": "896_jumia.jpg", "820": "897_jumia.jpg", "821": "898_jumia.jpg", "822": "899_jumia.jpg", "823": "89_jumia.jpg", "824": "900_jumia.jpg", "825": "901_jumia.jpg", "826": "902_jumia.jpg", "827": "903_jumia.jpg", "828": "904_jumia.jpg", "829": "905_jumia.jpg", "830": "906_jumia.jpg", "831": "907_jumia.jpg", "832": "908_jumia.jpg", "833": "909_jumia.jpg", "834": "90_jumia.jpg", "835": "910_jumia.jpg", "836": "911_jumia.jpg", "837": "912_jumia.jpg", "838": "913_jumia.jpg", "839": "914_jumia.jpg", "840": "915_jumia.jpg", "841": "916_jumia.jpg", "842": "917_jumia.jpg", "843": "918_jumia.jpg", "844": "919_jumia.jpg", "845": "91_jumia.jpg", "846": "920_jumia.jpg", "847": "921_jumia.jpg", "848": "922_jumia.jpg", "849": "923_jumia.jpg", "850": "924_jumia.jpg", "851": "925_jumia.jpg", "852": "926_jumia.jpg", "853": "927_jumia.jpg", "854": "928_jumia.jpg", "855": "929_jumia.jpg", "856": "92_jumia.jpg", "857": "930_jumia.jpg", "858": "931_jumia.jpg", "859": "932_jumia.jpg", "860": "933_jumia.jpg", "861": "934_jumia.jpg", "862": "935_jumia.jpg", "863": "936_jumia.jpg", "864": "937_jumia.jpg", "865": "938_jumia.jpg", "866": "939_jumia.jpg", "867": "93_jumia.jpg", "868": "940_jumia.jpg", "869": "941_jumia.jpg", "870": "942_jumia.jpg", "871": "943_jumia.jpg", "872": "944_jumia.jpg", "873": "945_jumia.jpg", "874": "946_jumia.jpg", "875": "947_jumia.jpg", "876": "948_jumia.jpg", "877": "949_jumia.jpg", "878": "94_jumia.jpg", "879": "950_jumia.jpg", "880": "951_jumia.jpg", "881": "952_jumia.jpg", "882": "953_jumia.jpg", "883": "954_jumia.jpg", "884": "955_jumia.jpg", "885": "956_jumia.jpg", "886": "957_jumia.jpg", "887": "958_jumia.jpg", "888": "959_jumia.jpg", "889": "95_jumia.jpg", "890": "960_jumia.jpg", "891": "961_jumia.jpg", "892": "962_jumia.jpg", "893": "963_jumia.jpg", "894": "964_jumia.jpg", "895": "965_jumia.jpg", "896": "966_jumia.jpg", "897": "967_jumia.jpg", "898": "968_jumia.jpg", "899": "969_jumia.jpg", "900": "96_jumia.jpg", "901": "970_jumia.jpg", "902": "971_jumia.jpg", "903": "972_jumia.jpg", "904": "97_jumia.jpg", "905": "98_jumia.jpg", "906": "99_jumia.jpg", "907": "9_olist.jpg", "908": "975_jumia.jpg", "909": "1007_jumia.jpg", "910": "1001_jumia.jpg", "911": "990_jumia.jpg", "912": "981_jumia.jpg", "913": "1003_jumia.jpg", "914": "977_jumia.jpg", "915": "1013_jumia.jpg", "916": "989_jumia.jpg", "917": "997_jumia.jpg", "918": "985_jumia.jpg", "919": "973_jumia.jpg", "920": "978_jumia.jpg", "921": "982_jumia.jpg", "922": "1011_jumia.jpg", "923": "1006_jumia.jpg", "924": "1000_jumia.jpg", "925": "999_jumia.jpg", "926": "974_jumia.jpg", "927": "991_jumia.jpg", "928": "979_jumia.jpg", "929": "1005_jumia.jpg", "930": "986_jumia.jpg", "931": "983_jumia.jpg", "932": "984_jumia.jpg", "933": "1008_jumia.jpg", "934": "998_jumia.jpg", "935": "987_jumia.jpg", "936": "1014_jumia.jpg", "937": "1010_jumia.jpg", "938": "976_jumia.jpg", "939": "992_jumia.jpg", "940": "988_jumia.jpg", "941": "980_jumia.jpg", "942": "1002_jumia.jpg", "943": "996_jumia.jpg", "944": "994_jumia.jpg", "945": "1009_jumia.jpg", "946": "995_jumia.jpg", "947": "1012_jumia.jpg", "948": "1004_jumia.jpg", "949": "993_jumia.jpg", "950": "1051_jumia.jpg", "951": "1036_jumia.jpg", "952": "1018_jumia.jpg", "953": "1016_jumia.jpg", "954": "1044_jumia.jpg", "955": "1047_jumia.jpg", "956": "1054_jumia.jpg", "957": "1020_jumia.jpg", "958": "1021_jumia.jpg", "959": "1022_jumia.jpg", "960": "1038_jumia.jpg", "961": "1019_jumia.jpg", "962": "1039_jumia.jpg", "963": "1048_jumia.jpg", "964": "1037_jumia.jpg", "965": "1025_jumia.jpg", "966": "1041_jumia.jpg", "967": "1035_jumia.jpg", "968": "1015_jumia.jpg", "969": "1027_jumia.jpg", "970": "1045_jumia.jpg", "971": "1032_jumia.jpg", "972": "1050_jumia.jpg", "973": "1024_jumia.jpg", "974": "1023_jumia.jpg", "975": "1052_jumia.jpg", "976": "1026_jumia.jpg", "977": "1033_jumia.jpg", "978": "1017_jumia.jpg", "979": "1053_jumia.jpg", "980": "1040_jumia.jpg", "981": "1046_jumia.jpg", "982": "1029_jumia.jpg", "983": "1034_jumia.jpg", "984": "1042_jumia.jpg", "985": "1049_jumia.jpg", "986": "1028_jumia.jpg", "987": "1030_jumia.jpg", "988": "1043_jumia.jpg", "989": "1031_jumia.jpg", "990": "1068_olist.jpg", "991": "1075_olist.jpg", "992": "1078_olist.jpg", "993": "1073_olist.jpg", "994": "1069_olist.jpg", "995": "1066_olist.jpg", "996": "1070_olist.jpg", "997": "1061_olist.jpg", "998": "1067_olist.jpg", "999": "1058_olist.jpg", "1000": "1063_olist.jpg", "1001": "1071_olist.jpg", "1002": "1076_olist.jpg", "1003": "1060_olist.jpg", "1004": "1072_olist.jpg", "1005": "1064_olist.jpg", "1006": "1077_olist.jpg", "1007": "1057_olist.jpg", "1008": "1062_olist.jpg", "1009": "1059_olist.jpg", "1010": "1074_olist.jpg", "1011": "1065_olist.jpg", "1012": "1136_jumia.jpg", "1013": "1237_jumia.jpg", "1014": "1308_jumia.jpg", "1015": "1093_jumia.jpg", "1016": "1167_jumia.jpg", "1017": "1407_jumia.jpg", "1018": "1490_jumia.jpg", "1019": "1494_jumia.jpg", "1020": "1130_jumia.jpg", "1021": "1506_jumia.jpg", "1022": "1546_jumia.jpg", "1023": "1210_jumia.jpg", "1024": "1609_jumia.jpg", "1025": "1667_jumia.jpg", "1026": "1408_jumia.jpg", "1027": "1087_jumia.jpg", "1028": "1553_jumia.jpg", "1029": "1633_jumia.jpg", "1030": "1510_jumia.jpg", "1031": "1618_jumia.jpg", "1032": "1260_jumia.jpg", "1033": "1278_jumia.jpg", "1034": "1522_jumia.jpg", "1035": "1566_jumia.jpg", "1036": "1627_jumia.jpg", "1037": "1364_jumia.jpg", "1038": "1380_jumia.jpg", "1039": "1322_jumia.jpg", "1040": "1449_jumia.jpg", "1041": "1606_jumia.jpg", "1042": "1340_jumia.jpg", "1043": "1488_jumia.jpg", "1044": "1575_jumia.jpg", "1045": "1532_jumia.jpg", "1046": "1233_jumia.jpg", "1047": "1199_jumia.jpg", "1048": "1630_jumia.jpg", "1049": "1153_jumia.jpg", "1050": "1665_jumia.jpg", "1051": "1385_jumia.jpg", "1052": "1637_jumia.jpg", "1053": "1165_jumia.jpg", "1054": "1219_jumia.jpg", "1055": "1504_jumia.jpg", "1056": "1501_jumia.jpg", "1057": "1319_jumia.jpg", "1058": "1135_jumia.jpg", "1059": "1535_jumia.jpg", "1060": "1365_jumia.jpg", "1061": "1555_jumia.jpg", "1062": "1594_jumia.jpg", "1063": "1151_jumia.jpg", "1064": "1224_jumia.jpg", "1065": "1600_jumia.jpg", "1066": "1427_jumia.jpg", "1067": "1581_jumia.jpg", "1068": "1651_jumia.jpg", "1069": "1285_jumia.jpg", "1070": "1241_jumia.jpg", "1071": "1290_jumia.jpg", "1072": "1483_jumia.jpg", "1073": "1641_jumia.jpg", "1074": "1097_jumia.jpg", "1075": "1188_jumia.jpg", "1076": "1353_jumia.jpg", "1077": "1091_jumia.jpg", "1078": "1426_jumia.jpg", "1079": "1366_jumia.jpg", "1080": "1495_jumia.jpg", "1081": "1652_jumia.jpg", "1082": "1229_jumia.jpg", "1083": "1220_jumia.jpg", "1084": "1271_jumia.jpg", "1085": "1420_jumia.jpg", "1086": "1418_jumia.jpg", "1087": "1170_jumia.jpg", "1088": "1560_jumia.jpg", "1089": "1282_jumia.jpg", "1090": "1113_jumia.jpg", "1091": "1382_jumia.jpg", "1092": "1202_jumia.jpg", "1093": "1587_jumia.jpg", "1094": "1253_jumia.jpg", "1095": "1660_jumia.jpg", "1096": "1332_jumia.jpg", "1097": "1612_jumia.jpg", "1098": "1264_jumia.jpg", "1099": "1357_jumia.jpg", "1100": "1569_jumia.jpg", "1101": "1474_jumia.jpg", "1102": "1604_jumia.jpg", "1103": "1462_jumia.jpg", "1104": "1570_jumia.jpg", "1105": "1274_jumia.jpg", "1106": "1650_jumia.jpg", "1107": "1579_jumia.jpg", "1108": "1664_jumia.jpg", "1109": "1599_jumia.jpg", "1110": "1331_jumia.jpg", "1111": "1104_jumia.jpg", "1112": "1623_jumia.jpg", "1113": "1390_jumia.jpg", "1114": "1429_jumia.jpg", "1115": "1374_jumia.jpg", "1116": "1605_jumia.jpg", "1117": "1222_jumia.jpg", "1118": "1292_jumia.jpg", "1119": "1662_jumia.jpg", "1120": "1186_jumia.jpg", "1121": "1325_jumia.jpg", "1122": "1512_jumia.jpg", "1123": "1240_jumia.jpg", "1124": "1123_jumia.jpg", "1125": "1187_jumia.jpg", "1126": "1503_jumia.jpg", "1127": "1456_jumia.jpg", "1128": "1391_jumia.jpg", "1129": "1592_jumia.jpg", "1130": "1152_jumia.jpg", "1131": "1376_jumia.jpg", "1132": "1419_jumia.jpg", "1133": "1589_jumia.jpg", "1134": "1176_jumia.jpg", "1135": "1527_jumia.jpg", "1136": "1200_jumia.jpg", "1137": "1116_jumia.jpg", "1138": "1211_jumia.jpg", "1139": "1342_jumia.jpg", "1140": "1536_jumia.jpg", "1141": "1469_jumia.jpg", "1142": "1666_jumia.jpg", "1143": "1502_jumia.jpg", "1144": "1098_jumia.jpg", "1145": "1654_jumia.jpg", "1146": "1647_jumia.jpg", "1147": "1394_jumia.jpg", "1148": "1486_jumia.jpg", "1149": "1498_jumia.jpg", "1150": "1485_jumia.jpg", "1151": "1297_jumia.jpg", "1152": "1517_jumia.jpg", "1153": "1250_jumia.jpg", "1154": "1281_jumia.jpg", "1155": "1137_jumia.jpg", "1156": "1593_jumia.jpg", "1157": "1405_jumia.jpg", "1158": "1515_jumia.jpg", "1159": "1578_jumia.jpg", "1160": "1163_jumia.jpg", "1161": "1160_jumia.jpg", "1162": "1288_jumia.jpg", "1163": "1491_jumia.jpg", "1164": "1500_jumia.jpg", "1165": "1387_jumia.jpg", "1166": "1514_jumia.jpg", "1167": "1608_jumia.jpg", "1168": "1545_jumia.jpg", "1169": "1149_jumia.jpg", "1170": "1095_jumia.jpg", "1171": "1126_jumia.jpg", "1172": "1324_jumia.jpg", "1173": "1284_jumia.jpg", "1174": "1213_jumia.jpg", "1175": "1508_jumia.jpg", "1176": "1645_jumia.jpg", "1177": "1088_jumia.jpg", "1178": "1421_jumia.jpg", "1179": "1347_jumia.jpg", "1180": "1358_jumia.jpg", "1181": "1352_jumia.jpg", "1182": "1659_jumia.jpg", "1183": "1112_jumia.jpg", "1184": "1422_jumia.jpg", "1185": "1642_jumia.jpg", "1186": "1155_jumia.jpg", "1187": "1583_jumia.jpg", "1188": "1302_jumia.jpg", "1189": "1646_jumia.jpg", "1190": "1596_jumia.jpg", "1191": "1489_jumia.jpg", "1192": "1631_jumia.jpg", "1193": "1144_jumia.jpg", "1194": "1402_jumia.jpg", "1195": "1567_jumia.jpg", "1196": "1448_jumia.jpg", "1197": "1236_jumia.jpg", "1198": "1445_jumia.jpg", "1199": "1550_jumia.jpg", "1200": "1450_jumia.jpg", "1201": "1580_jumia.jpg", "1202": "1670_jumia.jpg", "1203": "1397_jumia.jpg", "1204": "1435_jumia.jpg", "1205": "1479_jumia.jpg", "1206": "1146_jumia.jpg", "1207": "1403_jumia.jpg", "1208": "1400_jumia.jpg", "1209": "1548_jumia.jpg", "1210": "1573_jumia.jpg", "1211": "1177_jumia.jpg", "1212": "1120_jumia.jpg", "1213": "1534_jumia.jpg", "1214": "1247_jumia.jpg", "1215": "1344_jumia.jpg", "1216": "1254_jumia.jpg", "1217": "1295_jumia.jpg", "1218": "1444_jumia.jpg", "1219": "1436_jumia.jpg", "1220": "1399_jumia.jpg", "1221": "1312_jumia.jpg", "1222": "1360_jumia.jpg", "1223": "1323_jumia.jpg", "1224": "1138_jumia.jpg", "1225": "1568_jumia.jpg", "1226": "1428_jumia.jpg", "1227": "1182_jumia.jpg", "1228": "1414_jumia.jpg", "1229": "1227_jumia.jpg", "1230": "1150_jumia.jpg", "1231": "1345_jumia.jpg", "1232": "1215_jumia.jpg", "1233": "1523_jumia.jpg", "1234": "1635_jumia.jpg", "1235": "1206_jumia.jpg", "1236": "1326_jumia.jpg", "1237": "1507_jumia.jpg", "1238": "1457_jumia.jpg", "1239": "1154_jumia.jpg", "1240": "1520_jumia.jpg", "1241": "1195_jumia.jpg", "1242": "1603_jumia.jpg", "1243": "1252_jumia.jpg", "1244": "1410_jumia.jpg", "1245": "1539_jumia.jpg", "1246": "1299_jumia.jpg", "1247": "1439_jumia.jpg", "1248": "1559_jumia.jpg", "1249": "1574_jumia.jpg", "1250": "1521_jumia.jpg", "1251": "1269_jumia.jpg", "1252": "1361_jumia.jpg", "1253": "1558_jumia.jpg", "1254": "1648_jumia.jpg", "1255": "1484_jumia.jpg", "1256": "1369_jumia.jpg", "1257": "1275_jumia.jpg", "1258": "1139_jumia.jpg", "1259": "1466_jumia.jpg", "1260": "1343_jumia.jpg", "1261": "1265_jumia.jpg", "1262": "1572_jumia.jpg", "1263": "1338_jumia.jpg", "1264": "1470_jumia.jpg", "1265": "1101_jumia.jpg", "1266": "1663_jumia.jpg", "1267": "1524_jumia.jpg", "1268": "1649_jumia.jpg", "1269": "1321_jumia.jpg", "1270": "1430_jumia.jpg", "1271": "1460_jumia.jpg", "1272": "1266_jumia.jpg", "1273": "1261_jumia.jpg", "1274": "1423_jumia.jpg", "1275": "1413_jumia.jpg", "1276": "1251_jumia.jpg", "1277": "1359_jumia.jpg", "1278": "1134_jumia.jpg", "1279": "1122_jumia.jpg", "1280": "1289_jumia.jpg", "1281": "1442_jumia.jpg", "1282": "1318_jumia.jpg", "1283": "1511_jumia.jpg", "1284": "1375_jumia.jpg", "1285": "1443_jumia.jpg", "1286": "1303_jumia.jpg", "1287": "1638_jumia.jpg", "1288": "1354_jumia.jpg", "1289": "1156_jumia.jpg", "1290": "1368_jumia.jpg", "1291": "1607_jumia.jpg", "1292": "1129_jumia.jpg", "1293": "1336_jumia.jpg", "1294": "1628_jumia.jpg", "1295": "1552_jumia.jpg", "1296": "1513_jumia.jpg", "1297": "1314_jumia.jpg", "1298": "1640_jumia.jpg", "1299": "1438_jumia.jpg", "1300": "1103_jumia.jpg", "1301": "1346_jumia.jpg", "1302": "1529_jumia.jpg", "1303": "1571_jumia.jpg", "1304": "1173_jumia.jpg", "1305": "1082_jumia.jpg", "1306": "1194_jumia.jpg", "1307": "1218_jumia.jpg", "1308": "1658_jumia.jpg", "1309": "1117_jumia.jpg", "1310": "1178_jumia.jpg", "1311": "1092_jumia.jpg", "1312": "1246_jumia.jpg", "1313": "1634_jumia.jpg", "1314": "1526_jumia.jpg", "1315": "1588_jumia.jpg", "1316": "1372_jumia.jpg", "1317": "1168_jumia.jpg", "1318": "1497_jumia.jpg", "1319": "1085_jumia.jpg", "1320": "1212_jumia.jpg", "1321": "1477_jumia.jpg", "1322": "1169_jumia.jpg", "1323": "1185_jumia.jpg", "1324": "1656_jumia.jpg", "1325": "1576_jumia.jpg", "1326": "1406_jumia.jpg", "1327": "1115_jumia.jpg", "1328": "1496_jumia.jpg", "1329": "1564_jumia.jpg", "1330": "1293_jumia.jpg", "1331": "1416_jumia.jpg", "1332": "1388_jumia.jpg", "1333": "1615_jumia.jpg", "1334": "1164_jumia.jpg", "1335": "1162_jumia.jpg", "1336": "1565_jumia.jpg", "1337": "1622_jumia.jpg", "1338": "1198_jumia.jpg", "1339": "1465_jumia.jpg", "1340": "1431_jumia.jpg", "1341": "1551_jumia.jpg", "1342": "1455_jumia.jpg", "1343": "1468_jumia.jpg", "1344": "1128_jumia.jpg", "1345": "1133_jumia.jpg", "1346": "1242_jumia.jpg", "1347": "1214_jumia.jpg", "1348": "1258_jumia.jpg", "1349": "1221_jumia.jpg", "1350": "1309_jumia.jpg", "1351": "1401_jumia.jpg", "1352": "1209_jumia.jpg", "1353": "1316_jumia.jpg", "1354": "1481_jumia.jpg", "1355": "1437_jumia.jpg", "1356": "1492_jumia.jpg", "1357": "1597_jumia.jpg", "1358": "1191_jumia.jpg", "1359": "1563_jumia.jpg", "1360": "1499_jumia.jpg", "1361": "1377_jumia.jpg", "1362": "1286_jumia.jpg", "1363": "1350_jumia.jpg", "1364": "1554_jumia.jpg", "1365": "1329_jumia.jpg", "1366": "1147_jumia.jpg", "1367": "1276_jumia.jpg", "1368": "1531_jumia.jpg", "1369": "1473_jumia.jpg", "1370": "1114_jumia.jpg", "1371": "1341_jumia.jpg", "1372": "1475_jumia.jpg", "1373": "1320_jumia.jpg", "1374": "1243_jumia.jpg", "1375": "1639_jumia.jpg", "1376": "1451_jumia.jpg", "1377": "1393_jumia.jpg", "1378": "1530_jumia.jpg", "1379": "1277_jumia.jpg", "1380": "1107_jumia.jpg", "1381": "1613_jumia.jpg", "1382": "1298_jumia.jpg", "1383": "1272_jumia.jpg", "1384": "1268_jumia.jpg", "1385": "1447_jumia.jpg", "1386": "1412_jumia.jpg", "1387": "1111_jumia.jpg", "1388": "1217_jumia.jpg", "1389": "1235_jumia.jpg", "1390": "1561_jumia.jpg", "1391": "1424_jumia.jpg", "1392": "1591_jumia.jpg", "1393": "1108_jumia.jpg", "1394": "1280_jumia.jpg", "1395": "1256_jumia.jpg", "1396": "1084_jumia.jpg", "1397": "1317_jumia.jpg", "1398": "1327_jumia.jpg", "1399": "1304_jumia.jpg", "1400": "1396_jumia.jpg", "1401": "1467_jumia.jpg", "1402": "1119_jumia.jpg", "1403": "1493_jumia.jpg", "1404": "1204_jumia.jpg", "1405": "1557_jumia.jpg", "1406": "1621_jumia.jpg", "1407": "1300_jumia.jpg", "1408": "1184_jumia.jpg", "1409": "1598_jumia.jpg", "1410": "1601_jumia.jpg", "1411": "1653_jumia.jpg", "1412": "1625_jumia.jpg", "1413": "1351_jumia.jpg", "1414": "1125_jumia.jpg", "1415": "1158_jumia.jpg", "1416": "1373_jumia.jpg", "1417": "1478_jumia.jpg", "1418": "1505_jumia.jpg", "1419": "1669_jumia.jpg", "1420": "1415_jumia.jpg", "1421": "1161_jumia.jpg", "1422": "1089_jumia.jpg", "1423": "1611_jumia.jpg", "1424": "1238_jumia.jpg", "1425": "1461_jumia.jpg", "1426": "1404_jumia.jpg", "1427": "1216_jumia.jpg", "1428": "1378_jumia.jpg", "1429": "1081_jumia.jpg", "1430": "1255_jumia.jpg", "1431": "1203_jumia.jpg", "1432": "1632_jumia.jpg", "1433": "1540_jumia.jpg", "1434": "1183_jumia.jpg", "1435": "1310_jumia.jpg", "1436": "1339_jumia.jpg", "1437": "1537_jumia.jpg", "1438": "1172_jumia.jpg", "1439": "1389_jumia.jpg", "1440": "1100_jumia.jpg", "1441": "1249_jumia.jpg", "1442": "1525_jumia.jpg", "1443": "1294_jumia.jpg", "1444": "1231_jumia.jpg", "1445": "1668_jumia.jpg", "1446": "1528_jumia.jpg", "1447": "1109_jumia.jpg", "1448": "1636_jumia.jpg", "1449": "1379_jumia.jpg", "1450": "1395_jumia.jpg", "1451": "1547_jumia.jpg", "1452": "1121_jumia.jpg", "1453": "1476_jumia.jpg", "1454": "1459_jumia.jpg", "1455": "1542_jumia.jpg", "1456": "1544_jumia.jpg", "1457": "1330_jumia.jpg", "1458": "1585_jumia.jpg", "1459": "1480_jumia.jpg", "1460": "1440_jumia.jpg", "1461": "1124_jumia.jpg", "1462": "1657_jumia.jpg", "1463": "1090_jumia.jpg", "1464": "1267_jumia.jpg", "1465": "1363_jumia.jpg", "1466": "1335_jumia.jpg", "1467": "1225_jumia.jpg", "1468": "1518_jumia.jpg", "1469": "1166_jumia.jpg", "1470": "1602_jumia.jpg", "1471": "1434_jumia.jpg", "1472": "1538_jumia.jpg", "1473": "1131_jumia.jpg", "1474": "1196_jumia.jpg", "1475": "1458_jumia.jpg", "1476": "1279_jumia.jpg", "1477": "1099_jumia.jpg", "1478": "1464_jumia.jpg", "1479": "1487_jumia.jpg", "1480": "1230_jumia.jpg", "1481": "1263_jumia.jpg", "1482": "1409_jumia.jpg", "1483": "1595_jumia.jpg", "1484": "1079_jumia.jpg", "1485": "1533_jumia.jpg", "1486": "1208_jumia.jpg", "1487": "1541_jumia.jpg", "1488": "1624_jumia.jpg", "1489": "1102_jumia.jpg", "1490": "1452_jumia.jpg", "1491": "1463_jumia.jpg", "1492": "1367_jumia.jpg", "1493": "1441_jumia.jpg", "1494": "1655_jumia.jpg", "1495": "1386_jumia.jpg", "1496": "1411_jumia.jpg", "1497": "1086_jumia.jpg", "1498": "1433_jumia.jpg", "1499": "1586_jumia.jpg", "1500": "1197_jumia.jpg", "1501": "1370_jumia.jpg", "1502": "1179_jumia.jpg", "1503": "1205_jumia.jpg", "1504": "1181_jumia.jpg", "1505": "1245_jumia.jpg", "1506": "1313_jumia.jpg", "1507": "1140_jumia.jpg", "1508": "1148_jumia.jpg", "1509": "1349_jumia.jpg", "1510": "1192_jumia.jpg", "1511": "1157_jumia.jpg", "1512": "1417_jumia.jpg", "1513": "1472_jumia.jpg", "1514": "1333_jumia.jpg", "1515": "1619_jumia.jpg", "1516": "1509_jumia.jpg", "1517": "1425_jumia.jpg", "1518": "1259_jumia.jpg", "1519": "1626_jumia.jpg", "1520": "1398_jumia.jpg", "1521": "1262_jumia.jpg", "1522": "1661_jumia.jpg", "1523": "1577_jumia.jpg", "1524": "1234_jumia.jpg", "1525": "1482_jumia.jpg", "1526": "1582_jumia.jpg", "1527": "1543_jumia.jpg", "1528": "1620_jumia.jpg", "1529": "1610_jumia.jpg", "1530": "1616_jumia.jpg", "1531": "1584_jumia.jpg", "1532": "1356_jumia.jpg", "1533": "1257_jumia.jpg", "1534": "1080_jumia.jpg", "1535": "1110_jumia.jpg", "1536": "1118_jumia.jpg", "1537": "1516_jumia.jpg", "1538": "1471_jumia.jpg", "1539": "1383_jumia.jpg", "1540": "1454_jumia.jpg", "1541": "1291_jumia.jpg", "1542": "1306_jumia.jpg", "1543": "1519_jumia.jpg", "1544": "1556_jumia.jpg", "1545": "1296_jumia.jpg", "1546": "1617_jumia.jpg", "1547": "1180_jumia.jpg", "1548": "1453_jumia.jpg", "1549": "1644_jumia.jpg", "1550": "1175_jumia.jpg", "1551": "1201_jumia.jpg", "1552": "1207_jumia.jpg", "1553": "1244_jumia.jpg", "1554": "1106_jumia.jpg", "1555": "1362_jumia.jpg", "1556": "1143_jumia.jpg", "1557": "1643_jumia.jpg", "1558": "1371_jumia.jpg", "1559": "1190_jumia.jpg", "1560": "1549_jumia.jpg", "1561": "1141_jumia.jpg", "1562": "1171_jumia.jpg", "1563": "1328_jumia.jpg", "1564": "1590_jumia.jpg", "1565": "1614_jumia.jpg", "1566": "1381_jumia.jpg", "1567": "1629_jumia.jpg", "1568": "1446_jumia.jpg", "1569": "1145_jumia.jpg", "1570": "1562_jumia.jpg", "1571": "2244_jumia.jpg", "1572": "2029_jumia.jpg", "1573": "1701_jumia.jpg", "1574": "1965_jumia.jpg", "1575": "1822_jumia.jpg", "1576": "1786_jumia.jpg", "1577": "1853_jumia.jpg", "1578": "1890_jumia.jpg", "1579": "2008_jumia.jpg", "1580": "2050_jumia.jpg", "1581": "2108_jumia.jpg", "1582": "1946_jumia.jpg", "1583": "1923_jumia.jpg", "1584": "2171_jumia.jpg", "1585": "1717_jumia.jpg", "1586": "2279_jumia.jpg", "1587": "1979_jumia.jpg", "1588": "1871_jumia.jpg", "1589": "2332_jumia.jpg", "1590": "2267_jumia.jpg", "1591": "2152_jumia.jpg", "1592": "2189_jumia.jpg", "1593": "1697_jumia.jpg", "1594": "1819_jumia.jpg", "1595": "2277_jumia.jpg", "1596": "2359_jumia.jpg", "1597": "2175_jumia.jpg", "1598": "1748_jumia.jpg", "1599": "2028_jumia.jpg", "1600": "2393_jumia.jpg", "1601": "2073_jumia.jpg", "1602": "1845_jumia.jpg", "1603": "1756_jumia.jpg", "1604": "1813_jumia.jpg", "1605": "2021_jumia.jpg", "1606": "2262_jumia.jpg", "1607": "2002_jumia.jpg", "1608": "1858_jumia.jpg", "1609": "1917_jumia.jpg", "1610": "2195_jumia.jpg", "1611": "1998_jumia.jpg", "1612": "2375_jumia.jpg", "1613": "2263_jumia.jpg", "1614": "2116_jumia.jpg", "1615": "2173_jumia.jpg", "1616": "2026_jumia.jpg", "1617": "2308_jumia.jpg", "1618": "2365_jumia.jpg", "1619": "2337_jumia.jpg", "1620": "1738_jumia.jpg", "1621": "2087_jumia.jpg", "1622": "2233_jumia.jpg", "1623": "2049_jumia.jpg", "1624": "1893_jumia.jpg", "1625": "2169_jumia.jpg", "1626": "1716_jumia.jpg", "1627": "2198_jumia.jpg", "1628": "2207_jumia.jpg", "1629": "2328_jumia.jpg", "1630": "2339_jumia.jpg", "1631": "1783_jumia.jpg", "1632": "1868_jumia.jpg", "1633": "2219_jumia.jpg", "1634": "2257_jumia.jpg", "1635": "2392_jumia.jpg", "1636": "1972_jumia.jpg", "1637": "2153_jumia.jpg", "1638": "2156_jumia.jpg", "1639": "1743_jumia.jpg", "1640": "1684_jumia.jpg", "1641": "1732_jumia.jpg", "1642": "2340_jumia.jpg", "1643": "2080_jumia.jpg", "1644": "2119_jumia.jpg", "1645": "1730_jumia.jpg", "1646": "2354_jumia.jpg", "1647": "2254_jumia.jpg", "1648": "2166_jumia.jpg", "1649": "1855_jumia.jpg", "1650": "2142_jumia.jpg", "1651": "2064_jumia.jpg", "1652": "1782_jumia.jpg", "1653": "1857_jumia.jpg", "1654": "1726_jumia.jpg", "1655": "2300_jumia.jpg", "1656": "2355_jumia.jpg", "1657": "1829_jumia.jpg", "1658": "2158_jumia.jpg", "1659": "2288_jumia.jpg", "1660": "1977_jumia.jpg", "1661": "1739_jumia.jpg", "1662": "1963_jumia.jpg", "1663": "1806_jumia.jpg", "1664": "1968_jumia.jpg", "1665": "2177_jumia.jpg", "1666": "2376_jumia.jpg", "1667": "1811_jumia.jpg", "1668": "2022_jumia.jpg", "1669": "1763_jumia.jpg", "1670": "2190_jumia.jpg", "1671": "2099_jumia.jpg", "1672": "1973_jumia.jpg", "1673": "1777_jumia.jpg", "1674": "2011_jumia.jpg", "1675": "1702_jumia.jpg", "1676": "2037_jumia.jpg", "1677": "2130_jumia.jpg", "1678": "1727_jumia.jpg", "1679": "1880_jumia.jpg", "1680": "2210_jumia.jpg", "1681": "1708_jumia.jpg", "1682": "2055_jumia.jpg", "1683": "1688_jumia.jpg", "1684": "2329_jumia.jpg", "1685": "2274_jumia.jpg", "1686": "2135_jumia.jpg", "1687": "2357_jumia.jpg", "1688": "2074_jumia.jpg", "1689": "2236_jumia.jpg", "1690": "1834_jumia.jpg", "1691": "2072_jumia.jpg", "1692": "2057_jumia.jpg", "1693": "1765_jumia.jpg", "1694": "2213_jumia.jpg", "1695": "1787_jumia.jpg", "1696": "2164_jumia.jpg", "1697": "2143_jumia.jpg", "1698": "2224_jumia.jpg", "1699": "2341_jumia.jpg", "1700": "1862_jumia.jpg", "1701": "1792_jumia.jpg", "1702": "2089_jumia.jpg", "1703": "1905_jumia.jpg", "1704": "2364_jumia.jpg", "1705": "2067_jumia.jpg", "1706": "2093_jumia.jpg", "1707": "2231_jumia.jpg", "1708": "1707_jumia.jpg", "1709": "2281_jumia.jpg", "1710": "2201_jumia.jpg", "1711": "2237_jumia.jpg", "1712": "2255_jumia.jpg", "1713": "1908_jumia.jpg", "1714": "1864_jumia.jpg", "1715": "2000_jumia.jpg", "1716": "2256_jumia.jpg", "1717": "1751_jumia.jpg", "1718": "1842_jumia.jpg", "1719": "2215_jumia.jpg", "1720": "2385_jumia.jpg", "1721": "1679_jumia.jpg", "1722": "1930_jumia.jpg", "1723": "1790_jumia.jpg", "1724": "1926_jumia.jpg", "1725": "2129_jumia.jpg", "1726": "2120_jumia.jpg", "1727": "2165_jumia.jpg", "1728": "2349_jumia.jpg", "1729": "2342_jumia.jpg", "1730": "1729_jumia.jpg", "1731": "1760_jumia.jpg", "1732": "1841_jumia.jpg", "1733": "2043_jumia.jpg", "1734": "2069_jumia.jpg", "1735": "2058_jumia.jpg", "1736": "1682_jumia.jpg", "1737": "1851_jumia.jpg", "1738": "1724_jumia.jpg", "1739": "2370_jumia.jpg", "1740": "1680_jumia.jpg", "1741": "1698_jumia.jpg", "1742": "1801_jumia.jpg", "1743": "1885_jumia.jpg", "1744": "2118_jumia.jpg", "1745": "2176_jumia.jpg", "1746": "2265_jumia.jpg", "1747": "2168_jumia.jpg", "1748": "2160_jumia.jpg", "1749": "1960_jumia.jpg", "1750": "2269_jumia.jpg", "1751": "2372_jumia.jpg", "1752": "1996_jumia.jpg", "1753": "1778_jumia.jpg", "1754": "1899_jumia.jpg", "1755": "2363_jumia.jpg", "1756": "2205_jumia.jpg", "1757": "1928_jumia.jpg", "1758": "2343_jumia.jpg", "1759": "2320_jumia.jpg", "1760": "1958_jumia.jpg", "1761": "1690_jumia.jpg", "1762": "1913_jumia.jpg", "1763": "2124_jumia.jpg", "1764": "1983_jumia.jpg", "1765": "2313_jumia.jpg", "1766": "1940_jumia.jpg", "1767": "2079_jumia.jpg", "1768": "1674_jumia.jpg", "1769": "2309_jumia.jpg", "1770": "1947_jumia.jpg", "1771": "1955_jumia.jpg", "1772": "2362_jumia.jpg", "1773": "1869_jumia.jpg", "1774": "2194_jumia.jpg", "1775": "1776_jumia.jpg", "1776": "2017_jumia.jpg", "1777": "2144_jumia.jpg", "1778": "1877_jumia.jpg", "1779": "1714_jumia.jpg", "1780": "2273_jumia.jpg", "1781": "2105_jumia.jpg", "1782": "2197_jumia.jpg", "1783": "1962_jumia.jpg", "1784": "2285_jumia.jpg", "1785": "2369_jumia.jpg", "1786": "2191_jumia.jpg", "1787": "1780_jumia.jpg", "1788": "2266_jumia.jpg", "1789": "1870_jumia.jpg", "1790": "1675_jumia.jpg", "1791": "1919_jumia.jpg", "1792": "2276_jumia.jpg", "1793": "2271_jumia.jpg", "1794": "2071_jumia.jpg", "1795": "1671_jumia.jpg", "1796": "2145_jumia.jpg", "1797": "2023_jumia.jpg", "1798": "2131_jumia.jpg", "1799": "1900_jumia.jpg", "1800": "2351_jumia.jpg", "1801": "1793_jumia.jpg", "1802": "1916_jumia.jpg", "1803": "1936_jumia.jpg", "1804": "2251_jumia.jpg", "1805": "2056_jumia.jpg", "1806": "2052_jumia.jpg", "1807": "2139_jumia.jpg", "1808": "2296_jumia.jpg", "1809": "1689_jumia.jpg", "1810": "1933_jumia.jpg", "1811": "2297_jumia.jpg", "1812": "1744_jumia.jpg", "1813": "1699_jumia.jpg", "1814": "1734_jumia.jpg", "1815": "1686_jumia.jpg", "1816": "1804_jumia.jpg", "1817": "2084_jumia.jpg", "1818": "1677_jumia.jpg", "1819": "2206_jumia.jpg", "1820": "1891_jumia.jpg", "1821": "1678_jumia.jpg", "1822": "2211_jumia.jpg", "1823": "1762_jumia.jpg", "1824": "1825_jumia.jpg", "1825": "1992_jumia.jpg", "1826": "1758_jumia.jpg", "1827": "2245_jumia.jpg", "1828": "2066_jumia.jpg", "1829": "2061_jumia.jpg", "1830": "2327_jumia.jpg", "1831": "2310_jumia.jpg", "1832": "2241_jumia.jpg", "1833": "2047_jumia.jpg", "1834": "2323_jumia.jpg", "1835": "2014_jumia.jpg", "1836": "2208_jumia.jpg", "1837": "2044_jumia.jpg", "1838": "1840_jumia.jpg", "1839": "2110_jumia.jpg", "1840": "1752_jumia.jpg", "1841": "1951_jumia.jpg", "1842": "2151_jumia.jpg", "1843": "1982_jumia.jpg", "1844": "1987_jumia.jpg", "1845": "1818_jumia.jpg", "1846": "1920_jumia.jpg", "1847": "2212_jumia.jpg", "1848": "1836_jumia.jpg", "1849": "1976_jumia.jpg", "1850": "2382_jumia.jpg", "1851": "2316_jumia.jpg", "1852": "1721_jumia.jpg", "1853": "1824_jumia.jpg", "1854": "2106_jumia.jpg", "1855": "2033_jumia.jpg", "1856": "2333_jumia.jpg", "1857": "2344_jumia.jpg", "1858": "1766_jumia.jpg", "1859": "2161_jumia.jpg", "1860": "2083_jumia.jpg", "1861": "2378_jumia.jpg", "1862": "2053_jumia.jpg", "1863": "1873_jumia.jpg", "1864": "1902_jumia.jpg", "1865": "2085_jumia.jpg", "1866": "1828_jumia.jpg", "1867": "2360_jumia.jpg", "1868": "2113_jumia.jpg", "1869": "2264_jumia.jpg", "1870": "2294_jumia.jpg", "1871": "1695_jumia.jpg", "1872": "1909_jumia.jpg", "1873": "1754_jumia.jpg", "1874": "1937_jumia.jpg", "1875": "1867_jumia.jpg", "1876": "1835_jumia.jpg", "1877": "2163_jumia.jpg", "1878": "1821_jumia.jpg", "1879": "2270_jumia.jpg", "1880": "1984_jumia.jpg", "1881": "2183_jumia.jpg", "1882": "2101_jumia.jpg", "1883": "1945_jumia.jpg", "1884": "2034_jumia.jpg", "1885": "2031_jumia.jpg", "1886": "2366_jumia.jpg", "1887": "2318_jumia.jpg", "1888": "2336_jumia.jpg", "1889": "2045_jumia.jpg", "1890": "2133_jumia.jpg", "1891": "2330_jumia.jpg", "1892": "2123_jumia.jpg", "1893": "1912_jumia.jpg", "1894": "1967_jumia.jpg", "1895": "1906_jumia.jpg", "1896": "2141_jumia.jpg", "1897": "2258_jumia.jpg", "1898": "1956_jumia.jpg", "1899": "1735_jumia.jpg", "1900": "1957_jumia.jpg", "1901": "1796_jumia.jpg", "1902": "1781_jumia.jpg", "1903": "1774_jumia.jpg", "1904": "1898_jumia.jpg", "1905": "2272_jumia.jpg", "1906": "1837_jumia.jpg", "1907": "1878_jumia.jpg", "1908": "1852_jumia.jpg", "1909": "2046_jumia.jpg", "1910": "2012_jumia.jpg", "1911": "2249_jumia.jpg", "1912": "2286_jumia.jpg", "1913": "1769_jumia.jpg", "1914": "1865_jumia.jpg", "1915": "2217_jumia.jpg", "1916": "1990_jumia.jpg", "1917": "2331_jumia.jpg", "1918": "2377_jumia.jpg", "1919": "2193_jumia.jpg", "1920": "2348_jumia.jpg", "1921": "1823_jumia.jpg", "1922": "1746_jumia.jpg", "1923": "2200_jumia.jpg", "1924": "1849_jumia.jpg", "1925": "1924_jumia.jpg", "1926": "2225_jumia.jpg", "1927": "1847_jumia.jpg", "1928": "2248_jumia.jpg", "1929": "1742_jumia.jpg", "1930": "2097_jumia.jpg", "1931": "2345_jumia.jpg", "1932": "1974_jumia.jpg", "1933": "1903_jumia.jpg", "1934": "1692_jumia.jpg", "1935": "1907_jumia.jpg", "1936": "1820_jumia.jpg", "1937": "2041_jumia.jpg", "1938": "2162_jumia.jpg", "1939": "2284_jumia.jpg", "1940": "2305_jumia.jpg", "1941": "1747_jumia.jpg", "1942": "1768_jumia.jpg", "1943": "2159_jumia.jpg", "1944": "1803_jumia.jpg", "1945": "1775_jumia.jpg", "1946": "2001_jumia.jpg", "1947": "1807_jumia.jpg", "1948": "2287_jumia.jpg", "1949": "2390_jumia.jpg", "1950": "1772_jumia.jpg", "1951": "1713_jumia.jpg", "1952": "2059_jumia.jpg", "1953": "2150_jumia.jpg", "1954": "1971_jumia.jpg", "1955": "2253_jumia.jpg", "1956": "2060_jumia.jpg", "1957": "2075_jumia.jpg", "1958": "1981_jumia.jpg", "1959": "2243_jumia.jpg", "1960": "2280_jumia.jpg", "1961": "2199_jumia.jpg", "1962": "1914_jumia.jpg", "1963": "1961_jumia.jpg", "1964": "2167_jumia.jpg", "1965": "1863_jumia.jpg", "1966": "1795_jumia.jpg", "1967": "2154_jumia.jpg", "1968": "2282_jumia.jpg", "1969": "2314_jumia.jpg", "1970": "1879_jumia.jpg", "1971": "1673_jumia.jpg", "1972": "2005_jumia.jpg", "1973": "2103_jumia.jpg", "1974": "1773_jumia.jpg", "1975": "2209_jumia.jpg", "1976": "2088_jumia.jpg", "1977": "1817_jumia.jpg", "1978": "2379_jumia.jpg", "1979": "1833_jumia.jpg", "1980": "2013_jumia.jpg", "1981": "2387_jumia.jpg", "1982": "2242_jumia.jpg", "1983": "1894_jumia.jpg", "1984": "2216_jumia.jpg", "1985": "1764_jumia.jpg", "1986": "2016_jumia.jpg", "1987": "1989_jumia.jpg", "1988": "2155_jumia.jpg", "1989": "2019_jumia.jpg", "1990": "1709_jumia.jpg", "1991": "1938_jumia.jpg", "1992": "2009_jumia.jpg", "1993": "1831_jumia.jpg", "1994": "2307_jumia.jpg", "1995": "1860_jumia.jpg", "1996": "2134_jumia.jpg", "1997": "2358_jumia.jpg", "1998": "1808_jumia.jpg", "1999": "2010_jumia.jpg", "2000": "2186_jumia.jpg", "2001": "2007_jumia.jpg", "2002": "1978_jumia.jpg", "2003": "2326_jumia.jpg", "2004": "1676_jumia.jpg", "2005": "1966_jumia.jpg", "2006": "2068_jumia.jpg", "2007": "1843_jumia.jpg", "2008": "1755_jumia.jpg", "2009": "2178_jumia.jpg", "2010": "2035_jumia.jpg", "2011": "1882_jumia.jpg", "2012": "1980_jumia.jpg", "2013": "2109_jumia.jpg", "2014": "2121_jumia.jpg", "2015": "1875_jumia.jpg", "2016": "2246_jumia.jpg", "2017": "1812_jumia.jpg", "2018": "1997_jumia.jpg", "2019": "2077_jumia.jpg", "2020": "2317_jumia.jpg", "2021": "1939_jumia.jpg", "2022": "2388_jumia.jpg", "2023": "1791_jumia.jpg", "2024": "2127_jumia.jpg", "2025": "2234_jumia.jpg", "2026": "2381_jumia.jpg", "2027": "2261_jumia.jpg", "2028": "2283_jumia.jpg", "2029": "2384_jumia.jpg", "2030": "2081_jumia.jpg", "2031": "2107_jumia.jpg", "2032": "2228_jumia.jpg", "2033": "2218_jumia.jpg", "2034": "2371_jumia.jpg", "2035": "2229_jumia.jpg", "2036": "1789_jumia.jpg", "2037": "2315_jumia.jpg", "2038": "2172_jumia.jpg", "2039": "1720_jumia.jpg", "2040": "1944_jumia.jpg", "2041": "1850_jumia.jpg", "2042": "2204_jumia.jpg", "2043": "2373_jumia.jpg", "2044": "1816_jumia.jpg", "2045": "1886_jumia.jpg", "2046": "1889_jumia.jpg", "2047": "1694_jumia.jpg", "2048": "1759_jumia.jpg", "2049": "2367_jumia.jpg", "2050": "1970_jumia.jpg", "2051": "1749_jumia.jpg", "2052": "1757_jumia.jpg", "2053": "1856_jumia.jpg", "2054": "1895_jumia.jpg", "2055": "2125_jumia.jpg", "2056": "2322_jumia.jpg", "2057": "1918_jumia.jpg", "2058": "1700_jumia.jpg", "2059": "2051_jumia.jpg", "2060": "1883_jumia.jpg", "2061": "2063_jumia.jpg", "2062": "2078_jumia.jpg", "2063": "1712_jumia.jpg", "2064": "2025_jumia.jpg", "2065": "2203_jumia.jpg", "2066": "2235_jumia.jpg", "2067": "1925_jumia.jpg", "2068": "1827_jumia.jpg", "2069": "2004_jumia.jpg", "2070": "2065_jumia.jpg", "2071": "2325_jumia.jpg", "2072": "2188_jumia.jpg", "2073": "1844_jumia.jpg", "2074": "2259_jumia.jpg", "2075": "2380_jumia.jpg", "2076": "1745_jumia.jpg", "2077": "1881_jumia.jpg", "2078": "2180_jumia.jpg", "2079": "2352_jumia.jpg", "2080": "2311_jumia.jpg", "2081": "1876_jumia.jpg", "2082": "2138_jumia.jpg", "2083": "2250_jumia.jpg", "2084": "1705_jumia.jpg", "2085": "1741_jumia.jpg", "2086": "2098_jumia.jpg", "2087": "2115_jumia.jpg", "2088": "1715_jumia.jpg", "2089": "2092_jumia.jpg", "2090": "2184_jumia.jpg", "2091": "1802_jumia.jpg", "2092": "1854_jumia.jpg", "2093": "2126_jumia.jpg", "2094": "1815_jumia.jpg", "2095": "2292_jumia.jpg", "2096": "2394_jumia.jpg", "2097": "1915_jumia.jpg", "2098": "2347_jumia.jpg", "2099": "2293_jumia.jpg", "2100": "2018_jumia.jpg", "2101": "2040_jumia.jpg", "2102": "2185_jumia.jpg", "2103": "2295_jumia.jpg", "2104": "1693_jumia.jpg", "2105": "2003_jumia.jpg", "2106": "2187_jumia.jpg", "2107": "1711_jumia.jpg", "2108": "1767_jumia.jpg", "2109": "1993_jumia.jpg", "2110": "1948_jumia.jpg", "2111": "2091_jumia.jpg", "2112": "1832_jumia.jpg", "2113": "1969_jumia.jpg", "2114": "1771_jumia.jpg", "2115": "2391_jumia.jpg", "2116": "2338_jumia.jpg", "2117": "2252_jumia.jpg", "2118": "1753_jumia.jpg", "2119": "1687_jumia.jpg", "2120": "1750_jumia.jpg", "2121": "1846_jumia.jpg", "2122": "2303_jumia.jpg", "2123": "2082_jumia.jpg", "2124": "2324_jumia.jpg", "2125": "2111_jumia.jpg", "2126": "1718_jumia.jpg", "2127": "2383_jumia.jpg", "2128": "2100_jumia.jpg", "2129": "1887_jumia.jpg", "2130": "2104_jumia.jpg", "2131": "1884_jumia.jpg", "2132": "1797_jumia.jpg", "2133": "1934_jumia.jpg", "2134": "1788_jumia.jpg", "2135": "1731_jumia.jpg", "2136": "1794_jumia.jpg", "2137": "1954_jumia.jpg", "2138": "2226_jumia.jpg", "2139": "2356_jumia.jpg", "2140": "2140_jumia.jpg", "2141": "1991_jumia.jpg", "2142": "1888_jumia.jpg", "2143": "1703_jumia.jpg", "2144": "1800_jumia.jpg", "2145": "2062_jumia.jpg", "2146": "1685_jumia.jpg", "2147": "2137_jumia.jpg", "2148": "2196_jumia.jpg", "2149": "1943_jumia.jpg", "2150": "2094_jumia.jpg", "2151": "2290_jumia.jpg", "2152": "1872_jumia.jpg", "2153": "1949_jumia.jpg", "2154": "2095_jumia.jpg", "2155": "2114_jumia.jpg", "2156": "2291_jumia.jpg", "2157": "1927_jumia.jpg", "2158": "1805_jumia.jpg", "2159": "2298_jumia.jpg", "2160": "1866_jumia.jpg", "2161": "1901_jumia.jpg", "2162": "1994_jumia.jpg", "2163": "1975_jumia.jpg", "2164": "1931_jumia.jpg", "2165": "1959_jumia.jpg", "2166": "2132_jumia.jpg", "2167": "1904_jumia.jpg", "2168": "2353_jumia.jpg", "2169": "2024_jumia.jpg", "2170": "2149_jumia.jpg", "2171": "2174_jumia.jpg", "2172": "2027_jumia.jpg", "2173": "2321_jumia.jpg", "2174": "2289_jumia.jpg", "2175": "1826_jumia.jpg", "2176": "1874_jumia.jpg", "2177": "2128_jumia.jpg", "2178": "2350_jumia.jpg", "2179": "2102_jumia.jpg", "2180": "2238_jumia.jpg", "2181": "2192_jumia.jpg", "2182": "1830_jumia.jpg", "2183": "1838_jumia.jpg", "2184": "2374_jumia.jpg", "2185": "1911_jumia.jpg", "2186": "2070_jumia.jpg", "2187": "2260_jumia.jpg", "2188": "2301_jumia.jpg", "2189": "2096_jumia.jpg", "2190": "1672_jumia.jpg", "2191": "1935_jumia.jpg", "2192": "1704_jumia.jpg", "2193": "2117_jumia.jpg", "2194": "1706_jumia.jpg", "2195": "2221_jumia.jpg", "2196": "2227_jumia.jpg", "2197": "2232_jumia.jpg", "2198": "1814_jumia.jpg", "2199": "1691_jumia.jpg", "2200": "2239_jumia.jpg", "2201": "1859_jumia.jpg", "2202": "1710_jumia.jpg", "2203": "2214_jumia.jpg", "2204": "1952_jumia.jpg", "2205": "2299_jumia.jpg", "2206": "1696_jumia.jpg", "2207": "2086_jumia.jpg", "2208": "2302_jumia.jpg", "2209": "2335_jumia.jpg", "2210": "1995_jumia.jpg", "2211": "2148_jumia.jpg", "2212": "2090_jumia.jpg", "2213": "2304_jumia.jpg", "2214": "2278_jumia.jpg", "2215": "2312_jumia.jpg", "2216": "2368_jumia.jpg", "2217": "2036_jumia.jpg", "2218": "1988_jumia.jpg", "2219": "2136_jumia.jpg", "2220": "2020_jumia.jpg", "2221": "1770_jumia.jpg", "2222": "1733_jumia.jpg", "2223": "2222_jumia.jpg", "2224": "1896_jumia.jpg", "2225": "1784_jumia.jpg", "2226": "1723_jumia.jpg", "2227": "1736_jumia.jpg", "2228": "1964_jumia.jpg", "2229": "2319_jumia.jpg", "2230": "1779_jumia.jpg", "2231": "2157_jumia.jpg", "2232": "2032_jumia.jpg", "2233": "2122_jumia.jpg", "2234": "2220_jumia.jpg", "2235": "2386_jumia.jpg", "2236": "2030_jumia.jpg", "2237": "2361_jumia.jpg", "2238": "1932_jumia.jpg", "2239": "2076_jumia.jpg", "2240": "2202_jumia.jpg", "2241": "2268_jumia.jpg", "2242": "1798_jumia.jpg", "2243": "2346_jumia.jpg", "2244": "1999_jumia.jpg", "2245": "2042_jumia.jpg", "2246": "2170_jumia.jpg", "2247": "2182_jumia.jpg", "2248": "1809_jumia.jpg", "2249": "1737_jumia.jpg", "2250": "1785_jumia.jpg", "2251": "1892_jumia.jpg", "2252": "2223_jumia.jpg", "2253": "2306_jumia.jpg", "2254": "2112_jumia.jpg", "2255": "1725_jumia.jpg", "2256": "1950_jumia.jpg", "2257": "1942_jumia.jpg", "2258": "2181_jumia.jpg", "2259": "2048_jumia.jpg", "2260": "1810_jumia.jpg", "2261": "1861_jumia.jpg", "2262": "2015_jumia.jpg", "2263": "2240_jumia.jpg", "2264": "1848_jumia.jpg", "2265": "1740_jumia.jpg", "2266": "1681_jumia.jpg", "2267": "1897_jumia.jpg", "2268": "1761_jumia.jpg", "2269": "2147_jumia.jpg", "2270": "2039_jumia.jpg", "2271": "2395_jumia.jpg", "2272": "1986_jumia.jpg", "2273": "2247_jumia.jpg", "2274": "2334_jumia.jpg", "2275": "1929_jumia.jpg", "2276": "2146_jumia.jpg", "2277": "1839_jumia.jpg", "2278": "1910_jumia.jpg", "2279": "1722_jumia.jpg", "2280": "1922_jumia.jpg", "2281": "2038_jumia.jpg", "2282": "2389_jumia.jpg", "2283": "1921_jumia.jpg", "2284": "2179_jumia.jpg", "2285": "1728_jumia.jpg", "2286": "1683_jumia.jpg", "2287": "1719_jumia.jpg", "2288": "1799_jumia.jpg", "2289": "2275_jumia.jpg", "2290": "2006_jumia.jpg", "2291": "1941_jumia.jpg", "2292": "2230_jumia.jpg", "2293": "2054_jumia.jpg", "2294": "1953_jumia.jpg"}